frame,seconds,L_floor_gap_m,R_floor_gap_m,L_contact_candidate_vertices,R_contact_candidate_vertices,Meshy_Body_NeutralCovered__self_nonadjacent,Character_Body_Head__self_nonadjacent,Hair_Replacement_R4__self_nonadjacent,Meshy_Body_NeutralCovered__Character_Body_Head,Meshy_Body_NeutralCovered__Hair_Replacement_R4,Character_Body_Head__Hair_Replacement_R4,max_region_edge_ratio,max_body_vertex_step_m
1,0.0,0.0001172562289022538,7.178883073972131e-08,218,214,0,0,0,0,0,0,1.3523783259304267,0
2,0.041666666666666664,0.0001172266448571443,7.62766388450282e-08,218,214,0,29,0,0,0,0,1.3510278579056292,0.005757954640922079
3,0.08333333333333333,0.00011719447610072524,5.191052606884403e-08,217,213,0,2,0,0,0,0,1.3529762201556144,0.005684661252189383
4,0.125,0.00011724481568906156,9.532567107339521e-08,216,213,0,28,0,0,0,0,1.3689149889330081,0.0055180299610294945
5,0.16666666666666666,0.00011725566836245173,2.1698916705771384e-08,214,212,0,7,0,0,0,0,1.3849518253378519,0.005258001671991879
6,0.20833333333333334,0.00011723821377583712,4.020860450911699e-05,214,202,0,5,1,0,0,0,1.3997308377396716,0.00490620251509787
7,0.25,0.00011727603464192711,0.0014254058944923982,213,76,0,17,1,1,0,0,1.3879282964705633,0.004670158131566468
8,0.2916666666666667,0.0001172465829464931,0.004646911595164071,213,0,0,16,2,2,0,0,1.4124308150446725,0.008269100557514066
9,0.3333333333333333,0.0001173137231583416,0.009362614364709376,213,0,0,16,0,0,0,0,1.4847879981128316,0.011458779314313512
10,0.375,0.00011725171344273709,0.015072033624993496,210,0,0,3,2,1,0,0,1.5604495874865054,0.013137289478214239
11,0.4166666666666667,0.0001172647927047855,0.021169196951032764,210,0,0,19,2,0,0,0,1.6317940466254612,0.013724574815894591
12,0.4583333333333333,0.00011721385365027196,0.027006964380006337,210,0,0,3,1,0,0,0,1.6932727803754262,0.013513869447334586
13,0.5,0.00011727861156796165,0.031965753580536174,210,0,0,1,0,1,0,0,1.7408306530203341,0.012658838563147498
14,0.5416666666666666,0.00011718308624335808,0.03551912749384818,210,0,0,3,1,0,0,0,1.7714694795320323,0.012179323567035556
15,0.5833333333333334,0.00011728917618617575,0.037289986829593016,210,0,0,19,2,0,0,0,1.7831537830431363,0.012388294449092311
16,0.625,0.00011722100053274841,0.037090444625206456,209,0,0,3,2,1,0,0,1.775076342305791,0.01254434588777794
17,0.6666666666666666,0.00011731016528765344,0.034941535323607956,209,0,0,16,0,0,0,0,1.7474290918858884,0.0126699033897571
18,0.7083333333333334,0.00011725527131342526,0.031071395136438706,209,0,0,16,2,2,0,0,1.7013566500264432,0.012684096895993204
19,0.75,0.00011727058494940694,0.02589091717763554,209,0,0,17,1,1,0,0,1.6392467150897272,0.01243718237918585
20,0.7916666666666666,0.00011727421288757037,0.019949793184765818,209,0,0,5,1,0,0,0,1.6020989252814268,0.011762164823476931
21,0.8333333333333334,0.00011724217648082679,0.01387877742115613,209,0,0,7,0,0,0,0,1.5581519205564616,0.010523394628997568
22,0.875,0.0001172523362647394,0.008322050697729965,209,0,0,28,0,0,0,0,1.505431313591838,0.009340663210078749
23,0.9166666666666666,0.00011724916765780267,0.0038695123966219045,209,0,0,2,0,0,0,0,1.4514853590978516,0.00949451066840218
24,0.9583333333333334,0.00011729620628952677,0.0009937823370554414,209,110,0,29,0,0,0,0,1.4087222542723663,0.007578243007352152
25,1.0,0.00011722972004078069,9.804086937057869e-08,209,223,0,0,0,0,0,0,1.391487585854479,0.005757954640922079
26,1.0416666666666667,0.0001172342355002974,6.852299149601734e-08,209,222,0,17,0,0,0,0,1.3915008761571794,0.005759877690750326
27,1.0833333333333333,0.00011720978973670692,3.6297618869119135e-08,208,221,0,1,1,0,0,0,1.3943595146406822,0.005685959542351377
28,1.125,0.00011725327828301788,8.669695577002243e-08,208,221,0,4,0,0,0,0,1.399240884084183,0.005519129268951237
29,1.1666666666666667,0.00011717969964872055,9.759765609608667e-08,207,219,0,18,0,0,0,0,1.4052210326031411,0.005259058918749196
30,1.2083333333333333,0.00015736648746413783,8.01490452882917e-08,197,219,0,30,1,0,0,0,1.4114138211999097,0.004907190975606204
31,1.25,0.0015425636957020312,1.1818531412448448e-07,78,219,0,2,2,2,0,0,1.4168922008764375,0.004669878533128838
32,1.2916666666666667,0.004764069396373704,8.849779480293294e-08,0,219,0,10,0,2,0,0,1.4209155406615135,0.008267276969019433
33,1.3333333333333333,0.009479770671146203,1.5567143619665372e-07,0,219,0,21,0,2,0,0,1.4949294464430034,0.011459875596405706
34,1.375,0.015189192920975935,9.37776710115377e-08,0,219,0,5,0,1,0,0,1.5730194451923745,0.013140518168141886
35,1.4166666666666667,0.02128635325746959,1.069111714896894e-07,0,217,0,2,0,0,0,0,1.6467054876819458,0.013724671082325364
36,1.4583333333333333,0.027124120686443164,5.5751692575492875e-08,0,217,0,3,0,0,0,0,1.7104673814002522,0.013506488797732889
37,1.5,0.032082909886973,1.2061092147845744e-07,0,215,0,10,0,1,0,0,1.7599135300966389,0.012659784298788002
38,1.5416666666666667,0.03563627782119379,2.508989626261554e-08,0,215,0,3,0,0,0,0,1.7917387444422843,0.012179373262848502
39,1.5833333333333333,0.03740714114299944,1.3120180739297458e-07,0,215,0,2,0,0,0,0,1.8039343968219321,0.012388590654671888
40,1.625,0.03720760292467369,6.315263427362553e-08,0,215,0,5,0,1,0,0,1.7956320994936898,0.012544337831388183
41,1.6666666666666667,0.03505868565095356,1.5221366407394345e-07,0,215,0,21,0,2,0,0,1.7669340596936514,0.012670240735957928
42,1.7083333333333333,0.031188549449845126,9.728997047068026e-08,0,214,0,10,0,2,0,0,1.7191625670109778,0.012685017702032956
43,1.75,0.02600807348407237,1.1260757511795108e-07,0,214,0,2,2,2,0,0,1.654667430683255,0.01243848664412642
44,1.7916666666666667,0.020066951484233052,1.1628696908352264e-07,0,214,0,30,1,0,0,0,1.5772144063417346,0.011764229217701892
45,1.8333333333333333,0.013995933727592957,8.424024532997244e-08,0,214,0,18,0,0,0,0,1.5105606831202605,0.010526037966891113
46,1.875,0.008439208498939598,9.445054229657213e-08,0,214,0,4,0,0,0,0,1.4607636812127842,0.009334178061021338
47,1.9166666666666667,0.003986670446960338,9.114471988746138e-08,0,214,0,1,1,0,0,0,1.4099488554732413,0.009489080659052771
48,1.9583333333333333,0.0011109403251116751,1.3824037266890417e-07,106,214,0,17,0,0,0,0,1.3694940244861586,0.007576454996903843
49,2.0,0.0001172562289022538,7.178883073972131e-08,218,214,0,0,0,0,0,0,1.3523783259304267,0.005759877690750326
50,2.0416666666666665,0.0001172266448571443,7.62766388450282e-08,218,214,0,29,0,0,0,0,1.3510278579056292,0.005757954640922079
51,2.0833333333333335,0.00011719447610072524,5.191052606884403e-08,217,213,0,2,0,0,0,0,1.3529762201556144,0.005684661252189383
52,2.125,0.00011724481568906156,9.532567107339521e-08,216,213,0,28,0,0,0,0,1.3689149889330081,0.0055180299610294945
53,2.1666666666666665,0.00011725566836245173,2.1698916705771384e-08,214,212,0,7,0,0,0,0,1.3849518253378519,0.005258001671991879
54,2.2083333333333335,0.00011723821377583712,4.020860450911699e-05,214,202,0,5,1,0,0,0,1.3997308377396716,0.00490620251509787
55,2.25,0.00011727603464192711,0.0014254058944923982,213,76,0,17,1,1,0,0,1.3879282964705633,0.004670158131566468
56,2.2916666666666665,0.0001172465829464931,0.004646911595164071,213,0,0,16,2,2,0,0,1.4124308150446725,0.008269100557514066
57,2.3333333333333335,0.0001173137231583416,0.009362614364709376,213,0,0,16,0,0,0,0,1.4847879981128316,0.011458779314313512
58,2.375,0.00011725171344273709,0.015072033624993496,210,0,0,3,2,1,0,0,1.5604495874865054,0.013137289478214239
59,2.4166666666666665,0.0001172647927047855,0.021169196951032764,210,0,0,19,2,0,0,0,1.6317940466254612,0.013724574815894591
60,2.4583333333333335,0.00011721385365027196,0.027006964380006337,210,0,0,3,1,0,0,0,1.6932727803754262,0.013513869447334586
61,2.5,0.00011727861156796165,0.031965753580536174,210,0,0,1,0,1,0,0,1.7408306530203341,0.012658838563147498
62,2.5416666666666665,0.00011718308624335808,0.03551912749384818,210,0,0,3,1,0,0,0,1.7714694795320323,0.012179323567035556
63,2.5833333333333335,0.00011728917618617575,0.037289986829593016,210,0,0,19,2,0,0,0,1.7831537830431363,0.012388294449092311
64,2.625,0.00011722100053274841,0.037090444625206456,209,0,0,3,2,1,0,0,1.775076342305791,0.01254434588777794
65,2.6666666666666665,0.00011731016528765344,0.034941535323607956,209,0,0,16,0,0,0,0,1.7474290918858884,0.0126699033897571
66,2.7083333333333335,0.00011725527131342526,0.031071395136438706,209,0,0,16,2,2,0,0,1.7013566500264432,0.012684096895993204
67,2.75,0.00011727058494940694,0.02589091717763554,209,0,0,17,1,1,0,0,1.6392467150897272,0.01243718237918585
68,2.7916666666666665,0.00011727421288757037,0.019949793184765818,209,0,0,5,1,0,0,0,1.6020989252814268,0.011762164823476931
69,2.8333333333333335,0.00011724217648082679,0.01387877742115613,209,0,0,7,0,0,0,0,1.5581519205564616,0.010523394628997568
70,2.875,0.0001172523362647394,0.008322050697729965,209,0,0,28,0,0,0,0,1.505431313591838,0.009340663210078749
71,2.9166666666666665,0.00011724916765780267,0.0038695123966219045,209,0,0,2,0,0,0,0,1.4514853590978516,0.00949451066840218
72,2.9583333333333335,0.00011729620628952677,0.0009937823370554414,209,110,0,29,0,0,0,0,1.4087222542723663,0.007578243007352152
73,3.0,0.00011722972004078069,9.804086937057869e-08,209,223,0,0,0,0,0,0,1.391487585854479,0.005757954640922079
74,3.0416666666666665,0.0001172342355002974,6.852299149601734e-08,209,222,0,17,0,0,0,0,1.3915008761571794,0.005759877690750326
75,3.0833333333333335,0.00011720978973670692,3.6297618869119135e-08,208,221,0,1,1,0,0,0,1.3943595146406822,0.005685959542351377
76,3.125,0.00011725327828301788,8.669695577002243e-08,208,221,0,4,0,0,0,0,1.399240884084183,0.005519129268951237
77,3.1666666666666665,0.00011717969964872055,9.759765609608667e-08,207,219,0,18,0,0,0,0,1.4052210326031411,0.005259058918749196
78,3.2083333333333335,0.00015736648746413783,8.01490452882917e-08,197,219,0,30,1,0,0,0,1.4114138211999097,0.004907190975606204
79,3.25,0.0015425636957020312,1.1818531412448448e-07,78,219,0,2,2,2,0,0,1.4168922008764375,0.004669878533128838
80,3.2916666666666665,0.004764069396373704,8.849779480293294e-08,0,219,0,10,0,2,0,0,1.4209155406615135,0.008267276969019433
81,3.3333333333333335,0.009479770671146203,1.5567143619665372e-07,0,219,0,21,0,2,0,0,1.4949294464430034,0.011459875596405706
82,3.375,0.015189192920975935,9.37776710115377e-08,0,219,0,5,0,1,0,0,1.5730194451923745,0.013140518168141886
83,3.4166666666666665,0.02128635325746959,1.069111714896894e-07,0,217,0,2,0,0,0,0,1.6467054876819458,0.013724671082325364
84,3.4583333333333335,0.027124120686443164,5.5751692575492875e-08,0,217,0,3,0,0,0,0,1.7104673814002522,0.013506488797732889
85,3.5,0.032082909886973,1.2061092147845744e-07,0,215,0,10,0,1,0,0,1.7599135300966389,0.012659784298788002
86,3.5416666666666665,0.03563627782119379,2.508989626261554e-08,0,215,0,3,0,0,0,0,1.7917387444422843,0.012179373262848502
87,3.5833333333333335,0.03740714114299944,1.3120180739297458e-07,0,215,0,2,0,0,0,0,1.8039343968219321,0.012388590654671888
88,3.625,0.03720760292467369,6.315263427362553e-08,0,215,0,5,0,1,0,0,1.7956320994936898,0.012544337831388183
89,3.6666666666666665,0.03505868565095356,1.5221366407394345e-07,0,215,0,21,0,2,0,0,1.7669340596936514,0.012670240735957928
90,3.7083333333333335,0.031188549449845126,9.728997047068026e-08,0,214,0,10,0,2,0,0,1.7191625670109778,0.012685017702032956
91,3.75,0.02600807348407237,1.1260757511795108e-07,0,214,0,2,2,2,0,0,1.654667430683255,0.01243848664412642
92,3.7916666666666665,0.020066951484233052,1.1628696908352264e-07,0,214,0,30,1,0,0,0,1.5772144063417346,0.011764229217701892
93,3.8333333333333335,0.013995933727592957,8.424024532997244e-08,0,214,0,18,0,0,0,0,1.5105606831202605,0.010526037966891113
94,3.875,0.008439208498939598,9.445054229657213e-08,0,214,0,4,0,0,0,0,1.4607636812127842,0.009334178061021338
95,3.9166666666666665,0.003986670446960338,9.114471988746138e-08,0,214,0,1,1,0,0,0,1.4099488554732413,0.009489080659052771
96,3.9583333333333335,0.0011109403251116751,1.3824037266890417e-07,106,214,0,17,0,0,0,0,1.3694940244861586,0.007576454996903843
97,4.0,0.0001172562289022538,7.178883073972131e-08,218,214,0,0,0,0,0,0,1.3523783259304267,0.005759877690750326
