frame,seconds,left_new_body,right_new_body,left_head,right_head,left_hair,right_hair,max_region_edge_ratio
1,0.0,58,0,0,0,0,0,1.931952462802454
2,0.03333333333333333,61,0,0,0,0,0,1.9302901552514877
3,0.06666666666666667,78,0,0,0,0,0,1.9222040937461335
4,0.1,282,0,0,0,0,0,1.9023035096674288
5,0.13333333333333333,442,0,0,0,0,0,2.24621873775475
6,0.16666666666666666,453,2,0,0,0,0,2.231825857276002
7,0.2,184,3,0,0,0,0,2.7491608826800156
8,0.23333333333333334,0,6,0,0,0,0,3.0220899042788942
9,0.26666666666666666,0,3,0,0,0,0,2.7417335316794693
10,0.3,0,24,0,0,0,0,2.6673626373649095
11,0.3333333333333333,0,44,0,0,0,0,11.794835105620498
12,0.36666666666666664,0,62,0,0,0,0,19.086839508457647
13,0.4,0,64,0,0,0,0,17.833065182859297
14,0.43333333333333335,0,66,0,0,0,0,17.71247907812233
15,0.4666666666666667,0,63,0,0,0,0,17.74180254617718
16,0.5,0,65,0,0,0,0,17.75068228477583
17,0.5333333333333333,0,63,0,0,0,0,17.714798765238825
18,0.5666666666666667,0,66,0,0,0,0,17.673311711042768
19,0.6,0,62,0,0,0,0,17.629041214704863
20,0.6333333333333333,0,57,0,0,0,0,17.58484078235757
21,0.6666666666666666,0,54,0,0,0,0,17.543557702644478
22,0.7,0,39,0,0,0,0,17.508047870337425
23,0.7333333333333333,0,6,0,0,0,0,17.480889247250197
24,0.7666666666666667,0,7,0,0,0,0,17.464219960277234
25,0.8,0,7,0,0,0,0,17.456358064656243
26,0.8333333333333334,0,7,0,0,0,0,17.454718853676912
27,0.8666666666666667,0,7,0,0,0,0,17.4589481620718
28,0.9,0,7,0,0,0,0,17.468835777941703
29,0.9333333333333333,0,9,0,0,0,0,17.483798949663083
30,0.9666666666666667,0,7,0,0,0,0,17.50347335134572
31,1.0,0,7,0,0,0,0,17.52722584095527
32,1.0333333333333334,0,8,0,0,0,0,17.552621825707526
33,1.0666666666666667,0,8,0,0,0,0,17.57705479402227
34,1.1,0,8,0,0,0,0,17.599530587983555
35,1.1333333333333333,0,8,0,0,0,0,17.619068500583825
36,1.1666666666666667,0,8,0,0,0,0,17.63479782275215
37,1.2,0,8,0,0,0,0,17.645790725328308
38,1.2333333333333334,0,8,0,0,0,0,17.651131162075302
39,1.2666666666666666,0,8,0,0,0,0,17.65047462984055
40,1.3,0,8,0,0,0,0,17.643704153288397
41,1.3333333333333333,0,8,0,0,0,0,17.63520595622808
42,1.3666666666666667,0,8,0,0,0,0,18.252180894669618
43,1.4,0,8,0,0,0,0,19.09861955076569
44,1.4333333333333333,0,8,0,0,0,0,16.676896678767314
45,1.4666666666666666,0,8,0,0,0,0,6.515068669930124
46,1.5,0,8,0,0,0,0,2.4887500485423892
47,1.5333333333333334,0,8,0,0,0,0,2.489516882972937
48,1.5666666666666667,0,7,0,0,0,0,2.6166550561451696
49,1.6,0,9,0,0,0,0,2.857405427064955
50,1.6333333333333333,66,7,0,0,0,0,3.0096367757450215
51,1.6666666666666667,222,6,0,0,0,0,2.8354713196145
52,1.7,409,5,0,0,0,0,2.3460558708170423
53,1.7333333333333334,485,4,0,0,0,0,2.26478047248471
54,1.7666666666666666,450,0,0,0,0,0,2.3338520249231904
55,1.8,352,0,0,0,0,0,2.1503224014486895
56,1.8333333333333333,190,0,0,0,0,0,1.9014824111306508
57,1.8666666666666667,77,0,0,0,0,0,1.9167134240161483
58,1.9,68,0,0,0,0,0,1.9248974446063525
59,1.9333333333333333,63,0,0,0,0,0,1.9299269150070448
60,1.9666666666666666,59,0,0,0,0,0,1.9314378243741703
61,2.0,58,0,0,0,0,0,1.931952462802454
