frame,time_s,head_yaw_deg,head_tilt_deg,arm_lift_deg,wrist_deg,gaze_x,gaze_y,blink_l,blink_r,brow_l,brow_r,smile,squint_l,jaw_open
1,0.0,0,0.0,0,0,0.0,0,0,0,0,0.0,0,0.0,0
2,0.041666666666666664,0,-0.0,0,-0.003378550017781842,-8.446375044454606e-05,0.00275462962962963,0,0,0.0017037934563614542,0.0013289588959619343,0.00037389498552049984,4.860634811766498e-05,0.0
3,0.08333333333333333,0,-0.0,0,-0.01262510796118478,-0.0003156276990296195,0.01037037037037037,0,0,0.006396551354595336,0.0049893100565843625,0.0014479500076207891,0.0001882335009907026,0.0
4,0.125,0,-0.0,0,-0.026406035665294935,-0.0006601508916323734,0.021875000000000002,0,0,0.013450339988425928,0.010491265190972224,0.003150720164609054,0.000409593621399177,0.0
5,0.16666666666666666,0,-0.0,0,-0.0433876949651984,-0.00108469237412996,0.0362962962962963,0,0,0.0222372256515775,0.01734503600823045,0.005410760554793476,0.0007033988721231518,0.0
6,0.20833333333333334,0,-0.0,0,-0.06223644769598131,-0.0015559111923995328,0.05266203703703705,0,0,0.032129274637774353,0.025060834217463995,0.008156626276482245,0.0010603614159426919,0.0
7,0.25,0,-0.0,0,-0.08161865569272977,-0.0020404663923182446,0.07,0,0,0.04249855324074075,0.03314887152777778,0.011316872427983541,0.0014711934156378605,0.0
8,0.2916666666666667,0,-0.0,0,-0.1002006807905299,-0.002505017019763248,0.08733796296296298,0,0,0.05271712775420097,0.04111935964827676,0.014820054107605547,0.0019266070339887212,0.0
9,0.3333333333333333,0,-0.0,0,-0.11664888482446782,-0.0029162221206116955,0.10370370370370371,0,0,0.062157064471879284,0.04848251028806584,0.018594726413656452,0.002417314433775339,0.0
10,0.375,0,-0.0,0,-0.12962962962962962,-0.0032407407407407406,0.11812500000000001,0,0,0.0701904296875,0.05474853515625,0.02256944444444444,0.0029340277777777776,0.0
11,0.4166666666666667,0,-0.0,0,-0.1378092770411015,-0.0034452319260275376,0.12962962962962965,0,0,0.07618928969478737,0.05942764596193415,0.0266727632982777,0.003467459228776101,0.0
12,0.4583333333333333,0,-0.0,0,-0.13950889072481143,-0.003487722268120286,0.13724537037037038,0,0,0.0795257107874657,0.062030054414223254,0.03083323807346441,0.004008320949550373,0.0
13,0.5,0,-0.0,0,-0.12284006414929291,-0.003071001603732323,0.14,0,0,0.0802741208090379,0.06261381423104956,0.03497942386831276,0.0045473251028806585,0.0
14,0.5416666666666666,0,-0.0,0,-0.08407132019028804,-0.002101783004757201,0.14,0.2539682539682536,0,0.08254063836828754,0.06438169792726428,0.03903987578113092,0.00507518385154702,0.0
15,0.5833333333333334,0,-0.0,0,-0.025369317414805068,-0.0006342329353701267,0.14,0.6507936507936511,0.31746031746031755,0.0869501581944782,0.067821123391693,0.042943148910227096,0.005582609358329523,0.0
16,0.625,0,-0.0,0,0.05109928561014723,0.001277482140253681,0.14,0.9523809523809523,0.714285714285714,0.09332349949605959,0.07279232960692648,0.04661779835390946,0.00606031378600823,0.0
17,0.6666666666666666,0,-0.0,0,0.14316783031756053,0.0035791957579390135,0.14,0.5555555555555558,0.8888888888888895,0.10148148148148148,0.07915555555555556,0.0499923792104862,0.006499009297363206,0.0
18,0.7083333333333334,0,-0.002372631569171748,0,0.24866965814042652,0.0062167414535106635,0.14,0.15873015873015828,0.492063492063492,0.11124492335919363,0.08677104022017103,0.052995446578265513,0.006889408055174517,0.0
19,0.75,0,-0.08297988083196645,0,0.36543811051173636,0.00913595276279341,0.14,0,0.09523809523809545,0.12243464433764578,0.09549902258336371,0.055555555555555546,0.007222222222222221,0.0
20,0.7916666666666666,0,-0.27072077905621966,0,0.4913065288644817,0.012282663221612042,0.14,0,0,0.13487146362528765,0.10519974162772437,0.05760126124066453,0.007488163961286389,0.0
21,0.8333333333333334,0,-0.5554500943327034,0,0.6241082546316548,0.01560270636579137,0.14,0,0,0.14837620043056907,0.11573343633584388,0.059061118731900626,0.007677945435147082,0.0
22,0.875,0,-0.9270225947521872,0,0.7616766292462458,0.019041915731156146,0.14,0,0,0.16276967396193967,0.12696034569031295,0.05986368312757201,0.007782278806584362,0.0
23,0.9166666666666666,0,-1.3752930484054426,0,0.9018449941412473,0.022546124853531184,0.14,0,0,0.17787270342784928,0.13874070867372243,0.0601271360984135,0.007816527692793755,0.0
24,0.9583333333333334,0,-1.890116223383241,0,1.0424466907496504,0.02606116726874126,0.14,0,0,0.19350610803674767,0.1509347642686632,0.06151577503429355,0.007997050754458161,0.0
25,1.0,0,-2.4613468877763527,0,1.181315060504447,0.029532876512611175,0.14,0,0,0.20949070699708455,0.16340275145772595,0.06433214555663536,0.008363178922362597,0.0
26,1.0416666666666667,0,-3.0788398096755496,0,1.3162834448386285,0.03290708612096571,0.14,0,0,0.22564731951730965,0.17600490922350154,0.0684487716309334,0.008898340312021342,0.0
27,1.0833333333333333,0,-3.7324497571715995,0,1.4451851851851854,0.03612962962962964,0.14,0,0,0.2417967648058727,0.1886014765485807,0.07373817722268212,0.009585963038948677,0.0
28,1.125,0,-4.412031498355278,0,1.5658536229771105,0.039146340574427764,0.14,0,0,0.25775986207122353,0.20105269241555437,0.08007288629737609,0.010409475218658893,0.0
29,1.1666666666666667,0,-5.107439801317354,0,1.6761220996473956,0.041903052491184895,0.14,0,0,0.2733574305218119,0.21321879580701328,0.08732542282050977,0.01135230496666627,0.0
30,1.2083333333333333,0,-5.8085294341485945,0,1.7738239566290304,0.04434559891572576,0.14,0,0,0.2884102893660874,0.2249600257055482,0.09536831075757757,0.012397880398485083,0.0
31,1.25,0,-6.505155164939779,0,1.8567925353550083,0.046419813383875214,0.14,0,0,0.3027392578125,0.23613662109375,0.10407407407407408,0.013529629629629631,0.0
32,1.2916666666666667,0,-7.187171761781674,0,1.9228611772583197,0.048071529431457996,0.14,0,0,0.3161651550694992,0.24660882095420938,0.11331523673549376,0.01473098077561419,0.0
33,1.3333333333333333,0,-7.844433992765045,0,1.9698632237719567,0.04924658059429892,0.14,0,0,0.328508800345535,0.2562368642695173,0.12296432270733103,0.015985361951953034,0.00020534973066256863
34,1.375,0,-8.466796625980672,0,1.9956320163289107,0.049890800408222774,0.14,0,0,0.339591012849057,0.2648809900222645,0.13289385595508046,0.01727620127416046,0.003307898466519334
35,1.4166666666666667,0,-9.044114429519324,0,2.0,0.05,0.14,0,0,0.349232611788515,0.27240143719504173,0.14297636044423653,0.01858692685775075,0.009642981442050474
36,1.4583333333333333,0,-9.566242171471764,0,2.0,0.05,0.14,0,0,0.3572544163723587,0.27865844477043983,0.15308436014029364,0.019900966818238174,0.018569222816050703
37,1.5,0,-10.023034619928772,0,2.0,0.05,0.14,0,0,0.3634772458090379,0.28351225173104955,0.1630903790087464,0.021201749271137032,0.029445246747314878
38,1.5416666666666667,0,-10.404346542981115,0,2.0,0.05,0.14,0,0,0.3677219193070023,0.2868230970594618,0.1728669410150892,0.022472702331961598,0.041629677394637736
39,1.5833333333333333,0,-10.700032708719565,0,2.0,0.05,0.14,0,0,0.36980925607470166,0.2884512197382673,0.18228657012481653,0.023697254116226148,0.05448113891681396
40,1.625,0,-10.899947885234894,0,2.0,0.05,0.14,0,0,0.3699845590950287,0.2885879560941224,0.19122179030342298,0.02485883273944499,0.06735825547263846
41,1.6666666666666667,0,-10.99394684061787,0,2.0,0.05,0.14,0,0,0.3698921871755949,0.28851590599696403,0.19954512551640297,0.025940866317132386,0.07961965122090595
42,1.7083333333333333,0,-11.0,0,2.0,0.05,0.14,0,0,0.3697205594033495,0.2883820363346126,0.20712909972925092,0.02692678296480262,0.09062395032041112
43,1.75,0,-11.0,0,2.0,0.05,0.14,0,0,0.3694743378872814,0.2881899835520795,0.21384623690746143,0.02780001079796999,0.09972977692994887
44,1.7916666666666667,0,-11.0,0,2.0,0.05,0.14,0,0,0.3691581847363795,0.28794338409437603,0.21956906101652893,0.028543977932148763,0.1062957552083139
45,1.8333333333333333,0,-11.0,0,2.0,0.05,0.14,0,0,0.3687767620596327,0.2876458744065135,0.22417009602194787,0.029142112482853224,0.10968050931430096
46,1.875,0,-11.0,0,2.0,0.05,0.14,0,0,0.36833473196603,0.2873010909335034,0.22752186588921286,0.029577842565597673,0.10822916666666668
47,1.9166666666666667,0,-11.0,0,2.0,0.05,0.14,0,0,0.3678367565645603,0.28691267012035704,0.22949689458381825,0.029834596295896375,0.09864197530864197
48,1.9583333333333333,0,-11.0,0,2.0,0.05,0.14,0,0,0.3672874979642124,0.2864842484120857,0.23002123851851852,0.029902761007407408,0.0832677469135803
49,2.0,0,-11.0,0,2.0,0.05,0.14,0,0,0.36669161827397534,0.2860194622537008,0.23074752,0.0299971776,0.065
50,2.0416666666666665,0,-11.0,0,2.0,0.05,0.14,0,0,0.366053779602838,0.2855219480902137,0.2324551348148148,0.030219167525925926,0.0467322530864198
51,2.0833333333333335,0,-11.0,0,2.0,0.05,0.14,0,0,0.36537864405978937,0.2849953423666357,0.2350729718518519,0.030559486340740745,0.03135802469135797
52,2.125,0,-11.0,0,2.0,0.05,0.14,0,0,0.36467087375381824,0.2844432815279782,0.23852992,0.031008889600000002,0.021770833333333323
53,2.1666666666666665,0,-11.0,0,2.0,0.05,0.14,0,0,0.36393513079391365,0.28386940201925265,0.24275486814814815,0.03155813285925926,0.01999795608625316
54,2.2083333333333335,0,-11.0,0,2.0,0.05,0.14,0,0,0.3631760772890644,0.28327734028547025,0.24767670518518523,0.03219797167407408,0.019975207046262648
55,2.25,0,-11.0,0,2.0,0.05,0.14,0,0,0.3623983753482595,0.28267073277164245,0.25322432,0.0329191616,0.01992785904434833
56,2.2916666666666665,0,-11.0,0,2.0,0.05,0.14,0,0,0.3616066870804879,0.28205321592278054,0.25932660148148146,0.03371245819259259,0.019856662048861537
57,2.3333333333333335,0,-11.0,0,2.0,0.05,0.14,0,0,0.3608056745947384,0.28142842618389596,0.26591243851851853,0.03456861700740741,0.01976236602815361
58,2.375,0,-11.0,0,2.0,0.05,0.14,0,0,0.36,0.2808,0.27291072,0.0354783936,0.019645720950575887
59,2.4166666666666665,0,-11.0,0,2.0,0.05,0.14,0,0,0.3591943254052616,0.280171573816104,0.2802503348148148,0.036432543525925926,0.019507476784479696
60,2.4583333333333335,0,-11.0,0,2.0,0.05,0.14,0,0,0.3583933129195121,0.27954678407721945,0.28786017185185186,0.03742182234074074,0.019348383498216375
61,2.5,0,-11.0,0,2.0,0.05,0.14,0,0,0.35760162465174045,0.27892926722835754,0.29566912,0.0384369856,0.019169191060137262
62,2.5416666666666665,0,-11.0,0,2.0,0.05,0.14,0,0,0.35682392271093555,0.27832265971452974,0.3036060681481481,0.03946878885925926,0.018970649438593692
63,2.5833333333333335,0,-11.0,0,2.0,0.05,0.14,0,0,0.3560648692060863,0.27773059798074734,0.3115999051851852,0.04050798767407408,0.018753508601937
64,2.625,0,-11.0,0,2.0,0.05,0.14,0,0,0.35532912624618174,0.2771567184720218,0.31957952,0.0415453376,0.018518518518518517
65,2.6666666666666665,0,-11.0,0,2.0,0.05,0.14,0,0,0.3546213559402106,0.2766046576333643,0.3274738014814814,0.042571594192592585,0.01826642915668959
66,2.7083333333333335,0,-11.0,0,2.0,0.05,0.14,0,0,0.35394622039716195,0.27607805190978635,0.33521163851851854,0.04357751300740741,0.01799799048480154
67,2.75,0,-11.0,0,2.0,0.05,0.14,0,0,0.35330838172602463,0.2755805377462992,0.34272192,0.0445538496,0.017713952471205715
68,2.7916666666666665,0,-11.0,0,2.0,0.05,0.14,0,0,0.3527125020357876,0.27511575158791435,0.3499335348148148,0.04549135952592593,0.017415065084253445
69,2.8333333333333335,0,-11.0,0,2.0,0.05,0.14,0,0,0.3521632434354397,0.27468732987964295,0.3567753718518519,0.04638079834074074,0.017102078292296062
70,2.875,0,-11.0,0,2.0,0.05,0.14,0,0,0.35166526803396997,0.27429890906649657,0.36317632,0.0472129216,0.016775742063684915
71,2.9166666666666665,0,-11.0,0,2.0,0.05,0.14,0,0,0.35122323794036725,0.2739541255934865,0.3690652681481481,0.047978484859259256,0.016436806366771323
72,2.9583333333333335,0,-11.0,0,2.0001155598958333,0.050002888997395835,0.13998994070907872,0,0,0.35084181526362046,0.27365661590562396,0.3743711051851852,0.048668243674074074,0.01608602116990663
73,3.0,0,-11.0,0,2.0038671875,0.050096679687500006,0.13964380215754124,0,0,0.3505256621127186,0.2734100164479205,0.37902272000000004,0.04927295360000001,0.01572413644144217
74,3.0416666666666665,0,-11.0,0,2.0120133463541667,0.05030033365885417,0.13882273314939203,0,0,0.35027944059665045,0.27321796366538736,0.3829490014814815,0.049783370192592595,0.015351902149729283
75,3.0833333333333335,0,-10.960755857898715,0,2.0233333333333334,0.05058333333333334,0.13755146964591297,0,0,0.35010781282440506,0.27308409400303596,0.38607883851851854,0.050190249007407414,0.014970068263119293
76,3.125,0,-10.818163265306122,0,2.0366064453124997,0.0509151611328125,0.13585474760838592,0,0,0.3500154409049713,0.2730120439058776,0.38834112,0.0504843456,0.01457938474996355
77,3.1666666666666665,0,-10.600740740740742,0,2.0506119791666664,0.051265299479166665,0.13375730299809277,0,0,0.3498794689422731,0.27290598577497305,0.3896647348148148,0.050656415525925924,0.014180601578613384
78,3.2083333333333335,0,-10.339667422524563,0,2.064129231770833,0.05160323079427083,0.13128387177631531,0,0,0.3485501462658993,0.27186911408740144,0.38996837192111544,0.05069588834974501,0.013774468717420123
79,3.25,0,-10.066122448979591,0,2.0759374999999998,0.0518984375,0.12845918990433547,0,0,0.34581752878386085,0.26973767245141145,0.3888812255859375,0.05055455932617188,0.013361736134735114
80,3.2916666666666665,0,-9.811284958427816,0,2.0848160807291665,0.052120402018229164,0.12530799334343506,0,0,0.3417632034034639,0.26657529865470186,0.38630634731716584,0.050219825151231565,0.012943153798909686
81,3.3333333333333335,0,-9.60633408919123,0,2.089544270833333,0.052238606770833335,0.12185501805489596,0.17460317460317665,0,0.33646875703201434,0.2624456304849712,0.3823263888888889,0.04970243055555556,0.012519471678295174
82,3.375,0,-9.482448979591837,0,2.087710941055985,0.05219277352639963,0.11812500000000004,0.5714285714285721,0.23809523809523736,0.33001577657681846,0.2574123057299184,0.3770240020751953,0.04901312026977539,0.012091439741242918
83,3.4166666666666665,0,-9.456279227277628,0,2.0740745798142246,0.051851864495355615,0.11414267514002914,0.9682539682539675,0.6349206349206329,0.3224858489451823,0.2515389621772422,0.3704818386501737,0.048162639024522585,0.011659807956104253
84,3.4583333333333335,0,-9.415300446619073,0,2.0488773148148147,0.05122193287037037,0.1099327794362651,0.6349206349206329,0.9682539682539675,0.31396056104441183,0.24488923761464124,0.36278255038791235,0.047161731550428604,0.01122532629123051
85,3.5,0,-9.331223912419533,0,2.0129449248975875,0.05032362312243969,0.10552004884998986,0.23809523809523736,0.5714285714285721,0.30452149978181325,0.23752676982981435,0.35400878906250005,0.04602114257812501,0.010788744714973028
86,3.5416666666666665,0,-9.206743234275319,0,1.9671031889023756,0.04917757972255939,0.10092921934248522,0,0.17460317460317665,0.2942502520646927,0.2295151966104603,0.34424320644802525,0.04475161683824328,0.010350813195683144
87,3.5833333333333335,0,-9.044552021782739,0,1.91217788566901,0.04780444714172525,0.096185026875033,0,0,0.28322840480035605,0.22091815574427773,0.3335684543185764,0.04336389906141493,0.009912281701712187
88,3.625,0,-8.84734388453811,0,1.8489947940373237,0.0462248698509331,0.09131220740891516,0,0,0.27153754489610954,0.21179928501896544,0.3220671844482422,0.04186873397827149,0.009473900201411499
89,3.6666666666666665,0,-8.617812432137741,0,1.778379692847149,0.044459492321178726,0.0863354969054135,0,0,0.2592592592592593,0.20222222222222225,0.3098220486111112,0.04027686631944445,0.009036418663132418
90,3.7083333333333335,0,-8.358651274177944,0,1.7011583609383165,0.042528959023457914,0.08127963132580987,0,0,0.2464751347971112,0.19225060514174674,0.2969156985812717,0.038599040815565325,0.008600587055226268
91,3.75,0,-8.072554020255032,0,1.61815657715066,0.0404539144287665,0.07616934663138616,0,0,0.2332667584169716,0.18194807156523785,0.2834307861328126,0.03684600219726564,0.008167155346044397
92,3.7916666666666665,0,-7.762214279965315,0,1.5302001203240114,0.03825500300810029,0.07102937878342423,0,0,0.21971571702614637,0.17137825928039419,0.26944996303982216,0.03502849519517688,0.007736873503938136
93,3.8333333333333335,0,-7.430325662905101,0,1.4381147692982013,0.03595286923245503,0.06588446374320588,0,0,0.20590359753194162,0.16060480607491448,0.2550558810763889,0.03315726453993056,0.007310491497258816
94,3.875,0,-7.07958177867071,0,1.3427263029130638,0.0335681575728266,0.060759337472013064,0,0,0.1919119868416636,0.14969134973649761,0.24033119201660158,0.031243054962158207,0.006888759294357779
95,3.9166666666666665,0,-6.712676236858449,0,1.2448605000084298,0.03112151250021075,0.0556787359311276,0,0,0.1778224718626183,0.13870152805284228,0.22535854763454866,0.029296611192491325,0.0064724268635863585
96,3.9583333333333335,0,-6.332302647064627,0,1.1453431394241307,0.02863357848560327,0.050667395081831296,0,0,0.16371663950211157,0.12769897881164702,0.21022059970431856,0.027328677961561413,0.006062244173295886
97,4.0,0,-5.941154618885561,0,1.0450000000000004,0.02612500000000001,0.045750050885406124,0,0,0.14967607666744992,0.11674733980061094,0.195,0.02535,0.005658961191837704
98,4.041666666666667,0,-5.5419257619175575,0,0.9446568605758694,0.023616421514396736,0.04095143930313379,0,0,0.13578237026593903,0.10591024880743245,0.17977940029568132,0.02337132203843857,0.005263327887563143
99,4.083333333333333,0,-5.1373096857569385,0,0.8451394999915725,0.021128487499789312,0.03629629629629637,0,0,0.12211710720488553,0.09525134361981072,0.16464145236545147,0.02140338880750869,0.00487609422882355
100,4.125,0,-4.729999999999999,0,0.7472736970869374,0.018681842427173436,0.03180935782617547,0,0,0.10876187439159474,0.0848342620254439,0.14966880798339843,0.019456945037841795,0.004498010183970235
101,4.166666666666667,0,-4.32269031424306,0,0.6518852307017988,0.016297130767544972,0.027515359854053123,0,0,0.09579825873337333,0.0747226418120312,0.13494411892361102,0.017542735460069434,0.004129825721354553
102,4.208333333333333,0,-3.91807423808244,0,0.5597998796759904,0.013994996991899761,0.023439038341211207,0,0,0.08330784713752737,0.06498012076727135,0.12055003696017808,0.015671504804823152,0.003772290809327849
103,4.25,0,-3.518845381114434,0,0.47184342284934044,0.011796085571233511,0.01960512924893143,0,0,0.07137222651136255,0.055670336678862786,0.10656921386718748,0.013853997802734374,0.0034261554162414373
104,4.291666666666667,0,-3.1276973529353644,0,0.38884163906168356,0.00972104097654209,0.016038368538495745,0,0,0.06007298376218512,0.046856927334504396,0.0930843014187282,0.012100959184434667,0.003092169510446656
105,4.333333333333333,0,-2.7473237631415497,0,0.3116203071528527,0.007790507678821318,0.01276349217118608,0,0,0.049491705797301555,0.03860353052189521,0.080177951388889,0.010423133680555571,0.00277108306029486
106,4.375,0,-2.3804182213292844,0,0.24100520596267683,0.006025130149066921,0.009805236108284154,0,0,0.039709979524017336,0.030973784028733523,0.06793281555175784,0.008831266021728519,0.0024636460341373595
107,4.416666666666667,0,-2.029674337094891,0,0.17782211433099016,0.004445552858274754,0.007188336311071908,0,0,0.030809391849638823,0.024031325642718284,0.0564315456814235,0.007336100938585055,0.002170608400325503
108,4.458333333333333,0,-1.697785720034685,0,0.1228968110976254,0.0030724202774406353,0.004937528740831226,0,0,0.02287152968147238,0.017839793151548457,0.04575679355197487,0.005948383161756734,0.001892720127210635
109,4.5,0,-1.3874459797449654,0,0.07705507510241283,0.001926376877560321,0.003077549358843884,0,0,0.015977979926823538,0.01246282434292236,0.03599121093749996,0.004678857421874996,0.0016307311831440692
110,4.541666666666667,0,-1.1013487258220502,0,0.04112268518518514,0.0010280671296296286,0.001633134126391822,0,0,0.010210329492998715,0.007964057004538998,0.027217449612087552,0.003538268449571382,0.0013853915364771575
111,4.583333333333333,0,-0.8421875678622578,0,0.015925420185775696,0.00039813550464439245,0.0006290190047568422,0,0,0.005650165287304054,0.004407128924097162,0.019518161349826424,0.002537360975477435,0.0011574511555612343
112,4.625,0,-0.6126561154618868,0,0.0022890589440147657,5.7226473600369145e-05,8.99399552208302e-05,0,0,0.002379074217045418,0.0018556778892954262,0.012975997924804639,0.001686879730224603,0.0009476600087476306
113,4.666666666666667,0,-0.41544797821725676,0,0.0,0.0,0.0,0,0,0.0004786431895290044,0.00037334168783262345,0.007673611111111034,0.0009975694444444344,0.0007567680643876806
114,4.708333333333333,0,-0.25325676572468103,0,0.0,0.0,0.0,0,0,0.0,0.0,0.0036936526828342253,0.0004801748487684493,0.0005855252908327259
115,4.75,0,-0.12877608758046688,0,0.0,0.0,0.0,0,0,0.0,0.0,0.0011187744140624956,0.00014544067382812442,0.0004346816564341008
116,4.791666666666667,0,-0.04469955338092524,0,0.0,0.0,0.0,0,0,0.0,0.0,3.16280788845158e-05,4.1116502549870536e-06,0.0003049871295431328
117,4.833333333333333,0,-0.0037207727223719234,0,0.0,0.0,0.0,0,0,0.0,0.0,0.0,0.0,0.00019719167851116673
118,4.875,0,-0.0,0,0.0,0.0,0.0,0,0,0.0,0.0,0.0,0.0,0.00011204527168953357
119,4.916666666666667,0,-0.0,0,0.0,0.0,0.0,0,0,0.0,0.0,0.0,0.0,5.02978774295712e-05
120,4.958333333333333,0,-0.0,0,0.0,0.0,0.0,0,0,0.0,0.0,0.0,0.0,1.2699464082617518e-05
121,5.0,0,-0.0,0,0.0,0.0,0.0,0,0,0.0,0.0,0.0,0.0,0.0
